metric,value
MAE,0.0057843527756631374
MSE,6.455255061155185e-05
RMSE,0.008034460246562958
MAPE,0.003850325447274372
